Appelation courante|Description|Commune|Adresse actuelle|Latitude|Longitude|
Pompe à eau à la chaussée de Ciney|"En léger retrait de la voirie, pompe discrète dont le mécanisme incomplet est fixé sur une épaisse planche de bois, elle-même arrimée au mur d'un petit bâtiment parallèle à la voirie.    
"|Ohey|Rue de Ciney + entre les n° 60 et 62|50.434115|5.124509|
Pompe à eau de la place Roi Baudouin|""" Prenant place entre la maison communale et l’église, pompe en fonte du 19e siècle sortie de l’atelier du plombier J. Distave d’Ohey comme le mentionne le socle quadrangulaire monté sur une base en calcaire. Imitant une colonne, fût cannelé sommé d’un amortissement en forme de vasque. Bec cracheur mais bras actionnant le mécanisme malheureusement absent. CS "" IPIC 92097-INV-0103-01 Il s'agit d'une pompe en fonte à corps large de style néo-classique. A l’intérieur, il y avait un mécanisme de pompe aspirante-refoulante, actionné jadis par un bras. La pompe est installée au-dessus d’un puits. Sous le ""bac à fleurs"" sis à l'arrière de la pompe se trouve la chambre de visite. Devant la pompe, bac en pierre aux angles arrondis, d'origine et évacuation munie d’une grille. Abords pavés par des dalles quadrangulaires de tailles variées, cernées par une bordure (agrafes)."|Ohey|Place Roi Baudouin + près de l'église|50.43583|5.12089|
Pompe du Hinhin|""" Bien ancrée sur un socle calcaire, svelte pompe en fonte peinte du 19e siècle qui conserve l’intégralité de ses parties constituantes. Fut cannelé et étroit, composé de plusieurs sections annelées. Long bras courbe muni du mécanisme, accroché sous le couronnement, et bec cracheur maintenant l’ergot destiné à l’anse du seau. A l’arrière, taque d’ouverture fermant la chambre de visite. CS ""
IPIC : 92097-INV-0091-01"|Ohey|Rue du Berger + à en face des n°204-205|50.430235|5.121292|
Puits de la rue du Moulin|"Puits quadrangulaire en pierre, muni d'un levier-piston dont il ne reste qu'un morceau de 86 cm de long.
"|Ohey|Rue du Moulin + entre le n°7 et le n°15|50.436048|5.125522|
Puits rue Dehasse|Situé à l'arrière et en contre-bas d'une imposante borne-potale à large tablette, puits quadrangulaire en maçonnerie de grès fermé à l'avant par une grille récente. Escalier d'accès et muret aménagés récemment.     |Ohey|Rue Dehasse, 212 + à côté de|50.451513|5.153616|
Puits de Reppe|Puits quadrangulaire en maçonnerie de grès ferrugineux, recouvert par une dalle et pourvu d'une avancée cantonnée par des murs rampants|Ohey|Rue de Reppe , 129|50.42615|5.09174|
Puits rue Bois d'Ohey n°257|Au bout d'une petite pelouse entretenue, entre deux allées de la maison, puits quadrangulaire en maçonnerie de grès ferrugineux, recouvert par une dalle et sécurisé à l'avant par une lame de grès. Pas de mécanisme de puisage visible dans le puits. Par contre, une pompe à bras, qui semble complète, est placée devant le puits. Toujours fonctionnelle ?|Ohey|Rue Bois d’Ohey, 257|50.44065|5.11243|
Puits du n°171 route de Huy|""" Edifiée en plusieurs étapes au départ d’un noyau remontant probablement à la fin du 18e siècle, ferme organisée en U, le long de la voirie. (...)  Au centre se distingue le logis établi en double corps en moellons réglés de calcaire percé de baies dégressives, et à sa gauche, une porte à linteau bombé à clé qui s’ouvre curieusement sur un puits intérieur. ""
IPIC : 92097-INV-0092-01"|Ohey|Route de Huy, 171|50.430968|5.12895|
Ancres de la ferme de la Belle Alliance|"Quatre belles ancres, de deux types, en façade du logis ""néo-classique"" de cette ferme bâtie dans la 2e moitié du 19e siècle. "|Ohey|Rue du Bois de Goesnes, 61|50.459498|5.183896|
Epis de faîtages de l'église Saint-Pierre|Sur les toitures d'ardoises de l'église, huit lucarnes à croupes sont équipées d'épis identiques, du type poinçon tronconique à bulbe.|Ohey|Place Roi Baudouin, église|50.435667|5.120934|
Epi de faîtage du n°7 rue du Moulin|"Epi élancé situé au sommet de la façade.
"|Ohey|Rue du Moulin, 7|50.435956|5.125104|
Ancre de l'ancienne maison Rosoux|Ancre ouvragée en fer forgé, située au sommet de la façade avant, au-dessus de la date de construction|Ohey|Rue du Tilleul, 95|50.436491|5.120495|
Epis de faîtage du n°259 rue Marteau|"Sur les toitures de cette ancienne ferme, on peut observer deux types d'épis.
"|Ohey|Rue Marteau, 260|50.438778|5.123471|
Epis de faîtage du manoir Dutillieux|"Visibles depuis la chaussée de Ciney, deux gros épis de faîtage sphèriques situés sur la toiture d'un bâtiment annexe de la propriété Dutillieux
"|Ohey|Rue Pierre Froidebise, 64|50.43537|5.123873|
Ancres de la grange du château-ferme|Deux belles ancres visibles en façade de la grange en large du château-ferme donnant sur l'actuelle rue du Bâtis du Moulin|Ohey|Rue du pré Magnette, 13|50.453161|5.175653|
Epi de faîtage de l'ancienne écurie Rosoux|Epi de faîtage lancé pourvu de détails décoratifs, situé à la pointe de la tour qui cantonne, à gauche, l'ancienne écurie de l'ex-propriété Rosoux dont le logis, investi par l'administration communale depuis 1986,  est repris à l'Inventaire du Patrimoine Immobilier Culturel (IPIC) à la référence 92097-INV-0104-01.|Ohey|Rue du Tilleul, 95|50.436491|5.120495|
Ancres de l'église Saint-Pierre|"En faisant le tour de l'église, on peut observer :
- Cinq ancres en façade (trois manquent)
- Une ancre au transept Nord (cinq manquent)
- Cinq ancres sur la sacristie
- Cinq ancres au mur de la chapelle de la Vierge (une manque)
- Quatres ancres au transept Sud (une manque)"|Ohey|Place Roi Baudouin, église|50.435667|5.120934|
Epis de faîtage de la ferme de Petit Wallay|""" Isolée au milieu des terres, ferme clôturée en brique et pierre calcaire du milieu du 19e siècle où le corps de logis de style néo-classique retient l’attention. Jadis blanchie, imposante habitation en brique et calcaire coiffée d’un toit à deux versants à croupes, très plat, piqué d’épis de faîtage. (...)  ""
IPIC : 92097-INV-0041-02"|Ohey|Rue Bois d’Ohey, 322|50.43509|5.10476|
Acrotère de l'ancienne écurie Rosoux|Acrotère en fer forgé ornant le sommet du pignon situé au-dessus de l'ancienne porte-cochère.|Ohey|Rue du Tilleul, 95|50.436491|5.120495|
Garde-corps du parvis de l'église Saint-Lambert|Garde-corps en fer forgé surmontant le mur de soutènement du parvis de l'église.|Ohey|Rue curé Binet, 25|50.453018|5.171421|
Grille du cimetière|Cantonnée de deux piliers en calcaire, grille à deux battants, à barreaux, doublés dans la partie basse, terminés par des fers de lance au niveau de la  frise supérieure. Un joli jeu de volutes agrément celle-ci.  |Ohey|Rue du Bois de Goesnes, cimetière|50.456014|5.176301|
Grille de rampe d'escalier et décrottoir du n°232 chaussée de Ciney|Grille légère et sobrement décorée, en harmonie avec le perron qu'elle intègre. Décrottoir tout simple fixé sur la première marche.|Ohey|Rue de Ciney, 232|50.437336|5.12296|
Grilles de soupiraux du n°232 chaussée de Ciney|"Grillage sobrement décoré s'intégrant dans un encadrement en moellonnage calcaire rustique
"|Ohey|Rue de Ciney, 232|50.437336|5.12296|
Garde-corps sur le ruisseau du Lilot |Deux beaux garde-corps anciens empêchant la chute dans le ruisseau du Lilot|Ohey|Rue de l'église + à la hauteur du n°104|50.442026|5.148369|
Ensemble de grilles du n°9 rue de l'église |""" Implantée en retrait d’une courette limitée à rue par des grilles sur muret, maison bourgeoise de style néo-classique édifiée au milieu du 19e siècle, à proximité des églises. Elégants pilastres d’entrée (...) ""
IPIC : 92097-INV-0080-01 Ensemle de grilles dont les éléments sont scellés au plomb. Tous les barreaux sont pourvus de fers de lance au sommet. "|Ohey|Rue de l'église, 9 |50.440615|5.14943|
Grilles de soupiraux du n°9 rue de l'église |""" Implantée en retrait d’une courette limitée à rue par des grilles sur muret, maison bourgeoise de style néo-classique édifiée au milieu du 19e siècle, à proximité des églises. Elégants pilastres d’entrée annonçant le double corps élevé sur deux niveaux et demi montés sur caves protégées de belles ferronneries. (...) ""
IPIC : 92097-INV-0080-01 Sous les deux fenêtres du rez-de-chaussée, grilles de soupiraux composées de barreaux plats en forme de "" S "" étirés, fixés au centre avec rivets sur une traverse plate."|Ohey|Rue de l'église, 9 |50.440615|5.14943|
Grille d'entrée du n°267 route d'Andenne|"Grille basse et large à deux battants, intéressante pour son  monogramme "" F "" - "" R "" incorporé dans les volutes de la frise, au centre de la grille. Vase décoratif sur le montant central."|Ohey|Rue Pourri-Pont, 267|50.45306|5.1329|
Grille du tilleul d'Haillot|"Autour des vestiges du Tilleul d'Haillot, grille circulaire à barreaux sommés de motifs en "" S "".
"|Ohey|Rue Stocus + en face du n° 60|50.440199|5.148834|
Ensemble de grilles du n°117 rue de Reppe|Entre deux piliers calcaire, portail à deux battants dont les barreaux sont garnis de fers de lance et les montants sommés de poinçons à bulbe. Belles volutes dans la frise supérieure. De chaque côté du portail, grilles sur murets en calcaire terminés par des piliers de même matériau. Egalement, fers de lance et poinçons à bulbe.|Ohey|Rue de Reppe, 117|50.43526|5.119401|
Grille d'entrée du n°244 rue Eugène Ronvaux|"Située dans l'axe de l'entrée de la maison, petite grille à deux battants cantonnée de piliers en calcaire. Barreaux, doublés dans la partie basse, teminés par des fers de lance au niveau de la frise supérieure, agrémentée de volutes. Montants sommés par des petits vases.  
"|Ohey|Rue Eugène Ronvaux, 244|50.437314|5.125867|
Grille latérale du n°244 rue Eugène Ronvaux|"Portail d'entrée latéral, à deux battants fixés sur des piliers calcaire garantis par des chasse-roues. Barreaux sommés par des pointes ondulées, doublés dans la partie basse. Bras mécaniques ajoutés.  
"|Ohey|Rue Eugène Ronvaux, 244|50.437314|5.125867|
Grille d'entrée du Manoir Dutillieux|"Portail à deux battants, cantonné par des piliers sommés de glands décoratifs et protégés par des chasse-roues. Le tout en calcaire. Grillage sobre avec frise incurvée, à barreaux pointus et montants garnis de bourgeons. Nouvelles fixations et portail motorisé.
"|Ohey|Rue Pierre Froidebise, 64|50.435405|5.122659|
Ensemble de grilles du n°200 rue du Berger|"Précédée d'un jardinet grillagé, maison en double corps datée de 191(4?) en haut de la façade revêtue d'un cimentage décoratif. Grilles décorées du motif spirale très en vogue dans l'Art Déco (1920-1930). 
"|Ohey|Rue du Berger, 200|50.430011|5.124856|
Ensemble de grilles du n°202 rue du Berger|"Précédée d'un joli jardinet grillagé, maison en double corps datée de 1906 en haut de la façade revêtue d'un cimentage décoratif. Conservation d'anciennes menuiseries en bois dont une belle porte d'entrée surmontée de l'inscription "" ALP "". "|Ohey|Rue du Berger, 202|50.429844|5.123488|
Grille de rampe de l'escalier menant à la sacristie de l'église Saint-Pierre|"Grillage fixé le long de l'escalier et son perron, composé de barreaux recourbés en "" crosse d'évêque "" sous la main courante et présentant deux sections torsadées, en sens inverse. Au bas de l'escalier, la main courante est incurvée et se termine par une boule.  "|Ohey|Place Roi Baudouin, église + à l'arrière|50.435916|5.121444|
Grille de rampe de l'escalier menant à la tourelle de l'église Saint-Pierre|"Grille jadis fixée le long de l'escalier et son perron, composée de barreaux recourbés en "" crosse d'évêque "" sous la main courante et présentant des sections torsadées, en sens inverse, en haut et en bas."|Ohey|Place Roi Baudouin, église + à l'arrière|50.435916|5.121444|
Ensemble de grilles du n°91 rue du Tilleul|"Dans l'axe de la porte du logis de la ferme, grille d'entrée à deux battants, entourée de chaque côté par un muret en grès, surmonté d'un grillage et cantonné de piliers de même matériau. Ensemble des barreaux décorés à leur sommet d'un motif  "" coup de fouet "" typique de l'Art Nouveau."|Ohey|Rue du Tilleul, 91|50.437232|5.120411|
Grille d'entrée du n°90 rue du Tilleul |"Grille d'entrée décorée par diverses volutes et dont les barreaux, terminés en petites pointes, sont fixés entre des traverses doubles. "" Etabli en retrait de la voirie et entouré d’un jardin clos de haies, logis de ferme, de style éclectique, daté de 1912 dans un cartouche, accessible par une entrée cantonnée de piliers en brique bagués de calcaire et sommés de vases d’amortissements. (...) ""
IPIC 92097-INV-0107-01
 
"|Ohey|Rue du Tilleul, 90|50.437456|5.12069|
Ensemble de grilles du n°102 rue de l'Harmonie|Cantonnée par des piliers en grès protégés par des chasse-roues, grille d'entrée sobre à deux battants dont les montants sont décorés de motifs végétaux et dont les barreaux, doublés dans le bas, sont terminés par des fers de lance dans la partie supérieure. De chaque côté, sur un muret en grès, grillage à barreaux à fers de lance.  |Ohey|Rue de l'Harmonie, 102|50.437291|5.122295|
Grilles de la ferme Noël|Portail d'entrée de la cour de ferme fixé à gauche dans un muret et à droite dans un pilier d'angle du jardinet du logis. Deux battants composés d'éléments en fer plat assemblés par des rivets. Barreaux doublés dans la partie basse. Deux grandes traverses obliques de renfort. |Ohey|Rue du Tilleul, 91|50.437232|5.120411|
Ensemble de grilles de l'ancienne maison Rosoux|Superbe ensemble de grilles en fer forgé datant de la construction de la villa Groynne (1895) : dans l'axe d'entrée, deux battants très ouvragés cantonnés de piliers en calcaire bagués sommés d'éléments décoratifs en fer forgé; de part et d'autre, grilles ouvragées sur murets en brique terminés par des piliers de même matériau. |Ohey|Rue du Tilleul, 95|50.436491|5.120495|
Grille d'entrée du n°149 chaussée de Ciney|Grille d'entrée d'une ancienne ferme, en trois parties. Belle frise.|Ohey|Rue de Ciney, 149|50.439961|5.121475|
Grille d'entrée du cimetière |Grille à deux battants, sommée d'une croix et décorée de fers de lance. Barreaux doublés dans la partie basse.|Ohey|Rue de l'église + en face du n°11|50.440698|5.15113|
Grilles de soupiraux de l'ancienne maison Rosoux|Huit grilles de soupiraux, disposées par paire sous les fenêtres du rez-de-chaussée, à l'avant et à l'arrière de la maison.|Ohey|Rue du Tilleul, 95|50.436491|5.120495|
Ensemble de grilles du n°6 rue de l'église|De chaque côté de cette ancienne maison, belles grilles d'entrée en fer forgé de conception identique. Beau jeu de volutes au niveau de la frise. Sur le côté droit de l'habitation, grille d'entrée accompagnée d'une grille toute simple sur muret. |Ohey|Rue de l'église,6|50.440905|5.149222|
Grille d'entrée du cimetière|Grille à double battants. Cimetière repris à l'IPIC sous la référence 92097-INV-0098-01|Ohey|Rue Marteau + cimetière|50.439998|5.12969|
Grille de soupirail du n° 22 route de Huy|Grille de soupirail comportant 13 barreaux verticaux, échancrés au sommet, fixés sur une traverse|Ohey|Route de Huy, 22|50.438434|5.156668|
Balcon du n°117 rue de Reppe|"Situé au-dessus de la porte d'entrée, balcon en fer forgé et fonte, à plate-forme et consoles en calcaire
"|Ohey|Rue de Reppe, 117|50.43526|5.119401|
Grilles de soupiraux des n° 247 et 248 rue Eugène Ronvaux|Quatre grilles de soupiraux identiques. Jolie composition de fers plats, assemblés par des rivets, torsadés ou incurvés en volutes.|Ohey|Rue Eugène Ronvaux, 247 et 248|50.437323|5.126703|
Grilles de soupiraux du n° 28 route de Huy|De chaque côté du perron d'entrée, grille de soupirail à cinq barreaux verticaux ronds, pointus au sommet, reliés par 2 traverses. Beaux encadrements en pierre de taille.|Ohey|Route de Huy, 28|50.437828|5.15541|
Grilles de soupiraux du n°45 route de Huy|""" A l’angle, ferme en long du 3e tiers du 19e siècle, principalement construite en deux étapes en moellons de grès et pierre calcaire sous un long toit (...) L’ensemble aligne un logis d’esprit néo-classique (...) ouvert par une porte conservant un beau vantail (...) ""
IPIC :  92097-INV-0097-01 De chaque côté de la porte, ferronnerie de soupirail composée de 6 barreaux en forme de S reliés par une traverse"|Ohey|Route de Huy, 45|50.436756|5.15056|
Barreaux des fenêtres de la sacristie de l'église Saint-Pierre|Garantissant les cinq fenêtres en arc brisé du presbytère, grilles à trois barreaux épineux ( recourbés en pointe dans le bas) fixés entre trois traverses doubles. Petites rosaces aux intersections.    |Ohey|Place Roi Baudouin, église + à l'arrière|50.435916|5.121444|
Ensemble de grilles du n°190 rue de Gesves|"Cantonnée par des piliers calcaire, grille d'entrée caractérisée par les initiales "" P "" et "" G "", dont les barreaux à pointe sinueuse sont doublés dans la partie basse. De part et d'autre, sur des murets, grilles aux barreaux de même type.  "|Ohey|Rue de Gesves, 190|50.42791|5.120971|
Grille d'entrée du chemin de l'ancien château de Béthune|Route de Huy, à l'entrée du chemin qui menait au château des comtes de Béthune, disparu, belle grille d'entrée avec jeu de volutes élaboré, entourée de piliers sommés de vases d’amortissements appuyés de courts murets dont un seul conserve une frise en ferronnerie. Datation du début du 20e siècle.|Ohey|Route de Huy|50.431371|5.130535|
Monument aux morts|""" Erigé au centre d’un enclos, entre l’ancienne église et le nouvel édifice religieux, monuments aux morts en calcaire qui reprend la forme classique d’un obélisque orné de symboles patriotiques. Faces gravées des noms des soldats morts pour la Patrie, des victimes et des prisonniers des deux Grandes Guerres. Edicule couronné d’une urne funéraire, symbole du deuil. CS ""
IPIC : 92097-INV-0079-01"|Ohey|Place de l'église|50.440537|5.149145|
Monument aux aviateurs américains|Monument aux aviateurs US, morts le 24 décembre 1944. Inauguré le 24 septembre 1950. Modifié en 1994 et en 2019.|Ohey|Rue de Reppe|50.42792|5.09793|
Monument aux morts|"Grande stéle verticale au sommet arrondi, en calcaire, appliquée sur le pignon droit de l'ancienne maison communale à l'aide de crochets et deux corbeaux, portant épitaphes. Apposée, plaquette en marbre blanc gravé du mot ""COMBATTANTS "". Au-dessus, finement ciselés dans la stèle, un drapeau , une épée, une palme et un casque entrelacés. 
"|Ohey|Rue du Village, 31, bte 3|50.454274|5.172844|
Monument à Jean Stevart|"Sur un emplacement légèrement surélevé et délimité par un muret en grès, stéle en moellons de grès avec épitaphier et croix en calcaire, tous deux insérés dans la maçonnerie. Présence du symbole de l'Armée secrète.
"|Ohey|Rue du Village et rue Chesbrin + au croisement des|50.454274|5.172844|
Monument aux morts 1914-1918  -  1940-1945|""" Légèrement à l’écart du centre du village, cimetière enclos de murs en brique, centré sur un monument commémoratif érigé par la commune d’Ohey à ses glorieux enfants morts pour la Patrie lors des deux Guerres mondiales, orné à l’arrière de la Flamme éternelle (...) ""
IPIC : 92097-INV-0098-01 Monument entouré de 4 séries de 4 bornes côniques reliées par des chaînes. Ces bornes étaient jadis situées devant l'église d'Ohey."|Ohey|Rue Marteau + cimetière|50.439998|5.12969|
Sépulture J.J.M. Lambotte|"Croix-stèle. Allée gauche 02, rangée 03, tombe de droite d’un groupe de tombes provenant (toutes ?) de l'ancien cimetière de Perwez (autour de l'église). 
"|Ohey|Rue du Bois de Goesnes + cimetière, allée gauche 02, rangée 03, tombe de droite|50.456014|5.176301|
Sépulture Dosogne-Higuet|"Sépulture écclectique à caveau semi-enterré, adossée au mur du cimetière. Signature de l'entreprise  à l'entrée du caveau.  Bel ensemble avec les tombes voisines. Allée droite 03 parcelle 60.
"|Ohey|Rue de l'église + cimetière, allée droite 03 parcelle 60|50.440698|5.15113|
Sépulture Melot-Hanoul|Adossée au mur du cimetière,  imposante sépulture écclectique à caveau semi-enterré marquant très bien l'axe de l'entrée ancienne du cimetière, toujours utilisée. Allée droite 04, parcelle 40.|Ohey|Rue de l'église + cimetière, allée droite 04 parcelle 40|50.440698|5.15113|
Sépulture Wilmet Monjoie|Sépulture d'inspiration Art déco située dans l'allée centrale. Stèle décorée d'une palme des martyrs sur un casque de soldat reposant sur le millésime 1940. Emplacement pour un médaillon avec photo-porcelaine, disparue. Cimetière repris à l'IPIC sous la référence 92097-INV-0098-01|Ohey|Rue Marteau + cimetière, allée centrale|50.439998|5.12969|
Sépulture Puffet Dave|"Sépulture signée par l'artisan H. Payafat, située dans l'allée droite 02, parcelle 33. Cimetière repris à l'IPIC sous la référence 92097-INV-0098-01
"|Ohey|Rue Marteau + cimetière, allée droite 02 parcelle 33|50.439998|5.12969|
Sépulture Lamy Leclercq|"Sépulture néogothique inspirée de la forme du baldaquin et du dais,  qui en architecture religieuse désigne un ouvrage posé sur colonnes coiffant un autel, un catafalque,… Sur la paroi du fond, armoiries et longue épitaphe concernant  monseigneur Thomas Joseph Lamy.   Signature de l'artisan oheytois H. Payafat à l'avant. Situation : allée droite 02 parcelle 34.
 
Cimetière repris à l'IPIC sous la référence 92097-INV-0098-01"|Ohey|Rue Marteau + cimetière, allée droite 02 parcelle 34|50.439998|5.12969|
Sépultures Haverland Tonglet|Ensemble de trois croix-stèles de style néo-gothique. Celle de gauche arbore un ciboire gravé en relief. Clôture. Allée gauche 02 parcelle 116 Cimetière repris à l'IPIC sous la référence 92097-INV-0098-01|Ohey|Rue Marteau + cimetière, allée gauche 02 parcelle 116|50.439998|5.12969|
Sépulture Lambotte-Sanzot|"Monument "" cénotaphe "" entouré de potelets reliés par une chaîne. Sous la croix, présence du symbole des mains jointes. Allée gauche 01 parcelle 244. 
"|Ohey|Rue du Bois de Goesnes + cimetière, allée gauche 01, parcelle 244|50.456014|5.176301|
Sépulture Burton Rasquin Bouchat Jeannin|"Sépulture située dans l'allée droite 02, parcelle 21. 
Cimetière repris à l'IPIC sous la référence 92097-INV-0098-01"|Ohey|Rue Marteau + cimetière, allée droite 02 parcelle 21|50.439998|5.12969|
Sépulture Ronveaux Wanet|"Située dans l'angle gauche du cimetière, au fond, sépulture à caveau semi-enterré surmonté d'une grille en fer forgé dont la petite porte est ornée des initiales R et W. Sur la dalle surélevée,buste d’Eugène Ronveaux portant sur le socle l'inscription "" F.N.A.P.G. CINEY "". Situation: 62 G04
"|Ohey|Rue Marteau + cimetière, 62 G04|50.439998|5.12969|
Sépulture Daiche Nelis Simon|"Evocation du Golgotha : Christ en croix émergant d'une butte rocailleuse. Parcelle délimitée par des potelets reliés par des chaînes. Allée centrale parcelle 409. 
Cimetière repris à l'IPIC sous la référence 92097-INV-0098-01"|Ohey|Rue Marteau + cimetière,  allée centrale parcelle 409|50.439998|5.12969|
Mausolée Dutilleux|""" Légèrement à l’écart du centre du village, cimetière enclos de murs en brique (...) Angles à rue marqués par une importante chapelle funéraire ponctuée d’un dôme et à l’opposé, un monument de grande famille de facture plus simple.""  IPIC : 92097-INV-0098-01 Adossée au mausolée (allée droite 01 parcelle 8), stèle plus ancienne, de style néogothique. "|Ohey|Rue Marteau + cimetière, allée droite 01 parcelle 8|50.439998|5.12969|
Sépulture D'Hondt Hontoir|"Sépulture signée par l'artisan H. Payafat, située dans l'allée droite 02, parcelle 37. Un écusson signale la présence d'une résistante : Marthe D'Hondt. Cimetière repris à l'IPIC sous la référence 92097-INV-0098-01
"|Ohey|Rue Marteau + cimetière, allée droite 02 parcelle 37|50.439998|5.12969|
Sépulture Michaux|Croix-stèle. L'avant est inintéressant. allée gauche 02 parcelle 105 Cimetière repris à l'IPIC sous la référence 92097-INV-0098-01|Ohey|Rue Marteau + cimetière, allée gauche 02 parcelle 105|50.439998|5.12969|
Tilleul Joassin|"Tilleul de Hollande. L'arbre a créé des rejets de soutien bien enracinés, comme on le constatait déjà en 2007. En cette année, il mesurait encore 11 m. Une potale Notre-Dame de Lourdes lui est adossée. 
"|Ohey|Rue du Tilleul et rue de Ciney + au croisement des|50.438328|5.122246|
Tilleul Saint-François|Tilleul de Hollande situé devant le chemin d'entrée de la ferme de Wallay. En 2007, il mesurait 13 m de haut.|Ohey|Rue de Gesves + face à l'entrée de la ferme de Wallay|50.424291|5.1127|
Tilleul de Haillot|Tilleul à grandes feuilles ( tillia platiphylos) multicentenaire, classé comme monument, malheureusement détruit en 2021. En 1998, il mesurait 19 m et avait une circonférence de 623 cm. |Ohey|Rue Stocus + en face du n° 60|50.440185|5.148865|
Hêtre pourpre de l'ancien parc du presbytère|Hêtre pourpre situé dans le parc de la crêche, anciennement jardin du presbytère. Il est le rescapé d'un groupe de trois sujets, encore signalé en 1998. Cette année-là, il mesurait 26 m de haut.|Ohey|Place Roi Baudouin + à l'arrière de l'église|50.435889|5.121294|
Tympan monogrammé de l'ancienne maison Rosoux|Tympan en terre cuite jaune ocre où s'enlacent les lettres G et L, situé au centre de la façade, au sommet de la porte-fenêtre du 1er étage.|Ohey|Rue du Tilleul, 95|50.436491|5.120495|
Panneaux d'allège de l'ancienne maison Rosoux|Deux panneaux d'allège en terre cuite ocre situées en façade principale sous les fenêtres du 1er étage, de part et d'autre de la travée centrale.|Ohey|Rue du Tilleul, 95|50.436491|5.120495|
Pigeonnier du n°14 rue curé Binet|"Entrée de pigeonnier établie en haut de la dépendance jouxtant le logis côté rue. Courte aire d'envol et trois percements  dans la maçonnerie de grès, aujourd'hui obturés.   
"|Ohey|Rue curé Binet, 14|50.452259|5.171655|
Pigeonnier du n°23 rue curé Binet|"Pigeonnier installé en haut d'un tour, qui semble ancienne, accolée à la maison
"|Ohey|Rue curé Binet, 23|50.452909|5.171083|
Pigeonnier du n°23 rue du Village|"Entrée de pigeonnier au pignon d'une dépendance jouxtant le logis. Aire d'envol confortable et deux percements dans la maçonnerie de grès.    
"|Ohey|Rue du Village, 23|50.453518|5.172421|
Pigeonnier du n°197 rue de la Source|Situé au pignon d'une maison, aujourd'hui abandonnée, pigeonnier à deux ouvertures en briques précédé d'une dalle en grès faisant piste d'envol.  |Ohey|Rue de la Source, 197|50.450842|5.149799|
Pigeonnier du n°259 rue Marteau|"Munie d'une courte piste d'envol, baie de pigeonnier rectangulaire pratiquée dans le pignon d'un petit bâtiment annexe, à croupettes et poinçons, parallèle à la rue Marteau, à gauche de l'entrée de la cour de l'ancienne ferme.   
"|Ohey|Rue Marteau, 259|50.438778|5.123471|
Pigeonnier du n°63 rue Pierre Froidebise|"En haut de l'annexe qui jouxte la maison, à droite, pigeonnier ouvert par trois trous carrés dans la maçonnerie de grès jaune, précédés d'une aire d'envol en pierre calcaire de taille soignée. Maison datant de 1893 reprise à l'Inventaire du Patrimoine Immobilier Culturel sous la référence 92097-INV-0108-01 
"|Ohey|Rue Pierre Froidebise, 63|50.435463|5.122775|
Tourniquet|"Tourniquet en métal composé de quatre arceaux
"|Ohey|Rue Grand Vivier, 23 c|50.452613|5.168395|
Grande croix  de la chapelle Saint-Mort|""" A un croisement de route, chapelle composite d’une nef d’une travée reliée par des pans courbes à une abside semi-circulaire précédée d’une travée droite légèrement plus basse. (...)  Oculus et clocheton en brique surmonté d’une courte flèche de 1904. (...) ""
IPIC : 92097-INV-0039-02 Croix en fer située sur la flèche du clocheton. Eléments soudés. Réalisation ou restauration récente."|Ohey|Rue Saint-Mort et rue de la Chapelle + au croisement|50.460778|5.144437|
Croix|""" Installée à un carrefour, sur un piédestal en calcaire, intéressante croix en ferronnerie, probablement funéraire à l’origine et de la fin du 19e ou début du 20e siècle, qui supporte un Christ en fonte peinte. CS ""
IPIC : 92097-INV-0147-01 La croix est également en fonte. "|Ohey|Rue Saint-Pierre et rue sur les Sarts + au croisement des|50.457836|5.170853|
Croix en pierre de l'église Saint-Pierre|Située au sommet de la façade-pignon de l'édifice, croix fleurdelisée dont le centre est entouré d'un cercle.|Ohey|Place Roi Baudouin, église|50.435667|5.120934|
Croix du calvaire du cimetière|"Christ en croix du calvaire du cimetière situé au fond de l'allée centrale et dont le bâtiment a été transformé. 
Cimetière repris à l'IPIC sous la référence 92097-INV-0098-01"|Ohey|Rue Marteau + cimetière|50.439998|5.12969|
Croix d'occis de Nicolas Joseph|Isolée dans un champs, croix d'occis en calcaire, couchée et mutilée, dont un bras a été cassé anciennement et réparé à l'aide d'une agrafe en fer. Inscriptions difficilement lisibles dans sa totalité. Dessin de tête de mort gravé dans le bas. Les extrémités de la croix étaient incurvées comme en témoignent des parties intactes, à gauche et sur le dessus. La base de la croix semble évasée.  |Ohey|Rue de Space, 8 + à environ 625 m, chemin empierré, accotement gauche, en plein champ  |50.41827|5.109854|
Croix de l'église Notre-Dame de l'Assomption |""" Ponctuant le centre du village, église paroissiale construite en 1870-1871 selon les plans de l’architecte Jean-Lambert Blandot, à proximité de l’ancienne église devenue trop petite. (...) ""
IPIC : 92097-INV-0001-02 Croix en fer forgé fixée sur la toiture de l'église au-dessus du chœur. Décorée de motifs en fleur de lys."|Ohey|Place de l'église|50.440199|5.1488|
Petite croix  de la Chapelle Saint-Mort|Croix en fer forgé située sur le toit du chœur, plus petite et plus sobre que celle située sur la flèche.|Ohey|Rue Saint-Mort et rue de la Chapelle + au croisement|50.460778|5.144437|
Croix en fer forgé de l'église Saint-Pierre (1)|"Au sommet et à l'extrémité de la toiture du chœur de l'édifice, croix en fer forgé fleurdelisée avec ""spirales végétales"" à la base."|Ohey|Place Roi Baudouin, église|50.435916|5.121444|
Croix en fer forgé de l'église Saint-Pierre (2)|Située au sommet de la façade-pignon de la chapelle dédidée à la Vierge, croix en fer forgé fleurdelisée.|Ohey|Place Roi Baudouin, église|50.435916|5.121444|
Calvaire Dutilleux|Chapelle ouverte, fermée par une petite barrière blanche et ornée d'un Christ en croix polychromé.|Ohey|Rue de l'Harmonie, 102|50.437298|5.122373|
Représentation du Christ en croix du n°20 rue du Village|""" A l’entrée du village, installée dos à la rue pour la façade principale, ancienne petite ferme en grès et calcaire sous toit à deux versants, qui remonte au début du 18e siècle comme l’indique la date de 1727 gravée sur une clé d’une fenêtre de l’étage, côté cour. (...) s’ouvre par une porte à linteau en bâtière, probablement de remploi, sur piédroits à queues de pierre. Au-dessus survit une belle pierre cintrée de la 2e moitié du 16e siècle, à l’effigie du Christ en croix et inscription gothique très détériorée. CS ""
IPIC : 92097-INV-0047-02"|Ohey|Rue du Village,20|50.451956|5.171602|
Calvaire du cimetière|""" (...) Dans l’axe de l’entrée, monté sur un massif en rocaille évoquant les rochers du Golgotha, calvaire daté de « ANNO / 1933 » sur un cartouche. Bien visible dans le paysage, monument en fonte peinte, constitué du Christ en croix accompagné de personnages bibliques. ""
IPIC : 92097-INV-0144-01
Les personnages qui entourent le Christ sont la Vierge et saint Jean. Le calvaire est bâti sur un socle calcaire et entouré d'un garde-corps en  métal. La croix est décorée d'ornements en fer forgé (ou en fonte).   
"|Ohey|Rue du Bois de Goesnes, cimetière|50.456014|5.176301|
Potale du n°33 route de Huy| Au-dessus de la porte d'entrée, petite potale calcaire en plein cintre contenant derrière une vitre une statuette de saint Donat en faïence rehaussée de doré et de bleu|Ohey|Route de Huy, 33|50.437514|5.153528|
Potale rue de la Source|Au-dessus d'une porte de grange, niche-potale en bâtière abritant une petite statuette sous globe|Ohey|Rue de la Source|50.450353|5.149018|
Potale du n°212 rue Dehasse|Potale en bâtière, située en façade, au-dessus d'une ancienne porte de grange aujourd'hui obturée, occupée par vieille statuette de saint Donat.|Ohey|Rue Dehasse, 212|50.2759|5.9142|
Potale du n°133 rue du Centre|A la hauteur des fenêtres du 1er étage, potale en calcaire contenant une Vierge à l'enfant en céramique blanche. Pas de protection.|Ohey|Rue du Centre, 133|50.445723|5.147521|
Potale du n°259 rue Marteau|"Au-dessus de la porte d'une ancienne grange rénovée en habitation, niche en bâtière vitrée contenant une statuette de saint Donat
"|Ohey|Rue Marteau, 259|50.438778|5.123471|
Potale de la ferme Hanoul|Potale en bâtière intégrée dans le mur de façade de la grange, dédiée à Saint-Donat|Ohey|Rue Brionsart, 134|50.43104|5.08679|
Potale du n° 317 rue Bois d'Ohey|Niche-potale en bâtière intégrée dans le mur de façade en brique,  dédiée au Sacré-Cœur et surmontée d'une croix|Ohey|Rue du Bois d'Ohey, 317|50.438831|5.106718|
Potale (?)  du n°173 rue du Château|Au pignon de la dépendance qui jouxte le logis, tout en haut, potale ou pigeonnier ou petite baie d'aération ? |Ohey|Rue du Château 173|50.429231|5.127136|
Potale du tilleul Joassin|"Adossée au Tilleul Joassin, potale Notre-Dame de Lourdes peinte en bleu et blanc, vitrée, avec un petit toit en bâtière.
"|Ohey|Rue du Tilleul et rue de Ciney + au croisement des|50.438328|5.122246|
Potale de la chapelle Saint-Mort|""" A un croisement de route, chapelle composite d’une nef d’une travée reliée par des pans courbes à une abside semi-circulaire précédée d’une travée droite légèrement plus basse. Nef en grès percée dans l’axe d’une porte cintrée sur montants à queues de pierre dont la clé de remploi est datée « S.M.P.P. NOUS / 1621 ». Au-dessus, petite niche en plein cintre portant sur la base « St Mort PP Nous / 1793 », date de la nef. (...) ""
IPIC : 92097-INV-0039-02 Niche vide. Trois étoiles en relief sur le dessus. Il n'y a plus de grille mais on voit encore les gonds.                                                                                                         "|Ohey|Rue Saint-Mort et rue de la Chapelle + au croisement|50.460778|5.144437|
Potale Sainte-Barbe du n°115 rue du Centre|Potale calcaire dédiée à sainte Barbe, comme l'indique l'inscription, mais occupée par une représentation de la grotte de Lourdes. Grille manquante. |Ohey|Rue du Centre, 115|50.26411|5.08554|
Potale de l'ancien presbytère|"Haute niche en tiers-point avec un joli socle mouluré en calcaire. Saint manquant.
"|Ohey|Place Roi Baudouin, 79|50.435978|5.121714|
Potale du n°57 chaussée de Ciney|Niche-potale en calcaire située en façace, au-dessus d'une ancienne ouverture murée. Vide.|Ohey|Rue de Ciney, 57|50.432703|5.125245|
Potale du n°163 rue du Château|Niche-potale cintrée récente située au-dessus de la porte d'entrée. Statue de la Vierge.|Ohey|Rue du Château, 163|50.429542|5.126067|
Potale Saint-Donat|Borne-potale en calcaire dédiée à saint Donat comme l'indique l'insciption sur la tablette et la statue en plâtre. Niche en plein cintre fermée par une grille et sommée d'une croix |Ohey|Chemin de la marmite|50.43114|5.08708|
Potale de la ferme Beghin|Posée au pied d'un bâtiment de la ferme, dans la cour, borne-potale à trois niches cintrées, jadis protégées par des grilles|Ohey|Rue du Château, 176|50.428023|5.127488|
Potale Saint-Donat|""" Isolée à la croisée des chemins, au bord d’une prairie, potale en calcaire du 19e siècle dédiée à Saint-Donat comme l’indique l’inscription du bandeau. Haut pied quadrangulaire supportant une tête creusée d’une niche cintrée fermée par une intéressante grille en ferronnerie. Mouluré à la base, couronnement pyramidal tronqué et piqué d’une élégante croix à double volutes. CS ""
IPIC : 92097-INV-0095-01 Silhouette haute et étroite. Au sommet, la croix a perdu sa traverse."|Ohey|Rue de Grand Mont|50.435627|5.155388|
Potale Saint-Raboni|""" Isolée dans la campagne, aux abords d’un croisement, potale en calcaire millésimée de 1868 comme le signale l’inscription « RIEN / SANS DIEU . 1868 ». Tête en bâtière tronquée, creusée d’une niche en anse de panier fermée jadis par une grille en ferronnerie, et posée sur un haut pied creusé de larges stries."" 
IPIC : 92097-INV-0143-01 Les statuettes ne sont pas d'origine."|Ohey|Rue du bâtis du Moulin et rue St-Raboni + à l'intersection |50.45208|5.177772|
Potale-reposoir à la rue Dehasse|""" Installée en contre-haut d’un puits bénéficiant d’un aménagement récent, solide borne-potale en calcaire dont la niche en plein cintre affiche la date de 1847, en partie illisible, sur la base. Tête en bâtière reposant sur une large tablette posée sur un pied quadrangulaire. CS ""
IPIC : 92097-INV-0037-02 Dans une espace aéré et garni de beaux arbres, près d'un ru bien vivant et d'un puits malheureusement tari. Niche vide. 
"|Ohey|Rue Dehasse, 212 + à côté de|50.45163|5.15388|
Potale Saint-Joseph|""" A l’abri d’une haie, dans un jardin privé, potale en calcaire du 19e siècle dédiée à saint Joseph comme l’indique l’inscription sous la niche cintrée. Piédestal récent en brique et croix fleurdelisée en ferronnerie piquée dans la niche. CS ""
IPIC : 92097-INV-0076-01
=> Erreurs à l' IPIC : pied en pierre Niche vide (même propriétaire que le n°115)"|Ohey|Rue du Centre, 113|50.26411|5.08554|
Potale Notre-Dame de Lourdes 1|""" A l’abri de hauts arbres, au bord d’un chemin ancien, borne-potale en calcaire dédiée à Notre-Dame de Lourdes suivant l’inscription dédicatoire, relevant probablement du 19e siècle. Silhouette haute et étroite terminée par une tête en bâtière creusée d’une niche de même type fermée par une petite grille qui protège une statuette de la Vierge. Petite croix faitière. CS ""
IPIC : 92097-INV-0096-01"|Ohey|Chemin de Dinant et rue de Grand mont + chemin de liaison|50.435634|5.154289|
Potale devant le n°22 rue curé Binet|Borne-potale en brique. Adossée à un bâtiment, sur un piédestal en brique, niche en plein cintre enduite de ciment. Un lutin faisant la sieste y a pris place récemment.     |Ohey|Rue curé Binet, 22 + devant|50.452904|5.170779|
Potale Saint-Roch|""" A l’angle de la rue, simple borne-potale en calcaire probablement du 19e siècle. Pied quadrangulaire surmonté d’une tablette où repose la tête cintrée creusée d’une niche gardée par une grille en ferronnerie. CS ""
IPIC : 92097-INV-0094-01 Potale dédiée à saint Roch. Grillage  fermée par un cadenas.
"|Ohey|Rue du Centre et rue Saint Mort + au croisement des|50.44579|5.14783|
Potale Saint(e)-Apolonie|""" Enfermée par une haie, simple potale en calcaire, montée sur un piédestal récent en brique, probablement du 19e siècle. Niche cintrée sous fronton courbe, fermée jadis par une grille perdue, portant la dédicace « ST(E) APOLONIE / P.P.N. ». CS ""
IPIC : 92097-INV-0077-01
=> Erreur dans la notice IPIC : piédestal en pierre Niche vide
"|Ohey|Rue du Centre, 112 + à proximité|50.444987|5.148699|
Potales jumelles du n°102 rue Bois Dame Agis|Dans l'angle d'un muret, potales jumelles fermées par une grille commune, posées sur un socle bas et large, protégées sur les côtés par deux rampants. Statues de saint-Hubert et de saint-Joseph avec l'enfant Jésus.  |Ohey|Rue Bois Dame Agis, 102|50.464345|5.177176|
Chapelle Saint-Donat|""" Installée à l’angle, chapelle mononef du 2e tiers du 19e siècle d’esprit néoclassique, dédiée à saint Donat. Bâti en moellons de grès, l’édifice est ouvert par une porte au linteau cintré en brique munie d’une intéressante imposte à petits bois rayonnants. Chevet à trois pans. Toiture d’ardoise. CS ""
IPIC : 92097-INV-0084-01 Chapelle isolée en bordure du pré et rue du Bois d’Ohey. Intérieur soigné, avec statue de saint Donat sur l'autel."|Ohey|Rue Bois d'Ohey et rue Grande Ruelle + au croisement des|50.43989|5.11036|
Chapelle Notre-Dame du Perpétuel Secours|""" Bien visible à l’angle, chapelle Notre-Dame du Perpétuel Secours érigée en style néo-roman vers 1910. Edifice en moellons réglés de grès et pierre calcaire, particulièrement soigné, coiffé d’un toit d’ardoise. Elevée sur un soubassement biseauté, mononef arborant une façade-pignon crucifère à rampants débordants et oreille sur console. Portail en plein cintre à clé crucifère, surmonté d’une archivolte reposant sur des culots à visage humain montés sur de courtes colonnettes sur base moulurée et chapiteau palmiforme. Cartouche trilobé ornant le haut du pignon. CS ""
IPIC 92097-INV-0085-01 Au fond, vitrail dédié à sainte-Cécile"|Ohey|Rue Grande Ruelle et rue de Reppe + au croisement des|50.434263|5.117306|
La petite chapelle|""" Légèrement en oblique, isolé à l’abri d’un arbre, petit oratoire construit en 1948 comme l’indique la date peinte sous l’ample toiture à longues croupes et égouts retroussés, sommée d’une simple croix, qui couvre à la fois la mononef et le porche introduit par deux larges piliers carrés. Chapelle ouverte, élevée en moellons équarris de grès à joints tirés, fermée par un chevet plat et pourvue de fenêtres latérales à croisillons munis de verre coloré. Banc de recueillement de même type précédant l’édifice. CS ""
IPIC : 92097-INV-0153-01 Nef fermée par une grille en fer ajourée décorée de huit petites croix. Autel en grès surmonté d'une petite niche avec statue de Notre-Dame de Fatima. Deux rosiers."|Ohey|Rue Bois Dame Agis, 93 + en face|50.461554|5.174455|
Grotte à la rue du Moulin|""" Aménagée dans un jardin privé, grotte artificielle reproduisant simplement le modèle de la grotte Notre-Dame de Lourdes. Niche abritant la statue de la Vierge protégée d’un vitrage. Aux abords, petit canal souterrain en rocaille qui évoque la source miraculeuse du site originel et qui complète l’aménagement paysager. CS ""
IPIC : 92097-INV-0075-01"|Ohey|Rue du Moulin, 186|50.44267|5.14493|
Chapelle Saint-Pierre|""" Aux abords d’une vaste ferme, petit sanctuaire en calcaire des environs de 1800, fermé par un chevet à trois pans sous toiture d’asbeste-ciment. En façade, accessible par un petit emmarchement, ouverture rectangulaire surmontée d’une croix gravée de deux clefs, emblème iconographique du titulaire et « AR ». CS ""
IPIC : 92097-INV-0055-02"|Ohey|Rue de Gesves, 189 + en face|50.428158|5.121347|
Chapelle Hanoul|Petite chapelle élevée en blocs de béton, sous bâtière d'asbeste-ciment. A l'intérieur, sur l'autel, statue en plâtre de la Vierge.|Ohey|Rue Brionsart,134|50.42698|5.09406|
Chapelle du Sacré-Cœur|""" Implantée à l’angle, chapelle en brique blanchie sous toit d’asbeste-ciment à deux versants, élevée en 1937 à la gloire du Sacré-Coeur par les paroissiens comme le rappelle le cartouche en tiers-point du tympan. Façade-pignon animée par le jeu de la brique, creusée d’une large porte à double battants, et ponctuée d’une intéressante croix faîtière en pierre calcaire. CS ""
IPIC : 92097-INV-0086-01"|Ohey|Rue de Ciney , 171 + en face|50.44211|5.1206|
Grotte à la rue stocus|""" Isolée au bout de la rue, protégée par une ceinture végétale, petite grotte artificielle construite au 20e siècle, en contrehaut d’un emmarchement. Simple édicule à intérêt mémoriel ménageant une niche en bois ponctuée d’une croix faitière qui abrite une statuette de la Vierge. CS ""
IPIC : 92097-INV-0074-01 Accessible par huit marches bordées de rambardes métalliques peintes en blanc."|Ohey|Rue Stocus|50.437406|5.143593|
Potale Solière|Isolé dans la campagne et entouré de deux arbres, reposoir de haute taille en forme de pilier en brique, avec base et chapiteau calcaire, intégrant en son milieu une potale posée sur une dalle, toutes deux en calcaire. Dans la niche en plein cintre, petit piédestal dépourvu de sa statue. A l'avant du reposoir, élément en pierre non identifié.|Ohey|Chemin de Perwez, sn|50.472202|5.177138|
Clocheton de la chapelle du château de Wallay|Situé sur la toiture de la chapelle Saint-Hubert, clocheton à haute toiture pointue, toujours pourvu d'une petite cloche.|Ohey|Rue de Gesves, 192|50.423711|5.111324|
Cloche Saint-Donat de l'église Saint-Pierre|"Elle est la plus petite des trois cloches présentes dans le clocher de l'église. Dédiée à Saint-Donat, elle date de 1812 et donne le sol naturel et pèse 717 kg.
Source : notes de Joseph Sacré.
"|Ohey|Place Roi Baudouin, église|50.435916|5.121444|
Cloche Marie-Louise de l'église Saint-Pierre|"Des trois cloches pendues dans le clocher de l'église, c'est celle de taille moyenne. Elle s'appelle Marie-Louise, date de 1874, donne le fa naturel et pèse 930 kg.
Source : notes de Joseph Sacré.
"|Ohey|Place Roi Baudouin, église|50.435916|5.121444|
Cloche Saint-Pierre de l'église Saint-Pierre|"Dédiée au saint-patron de l'église, Pierre, elle est la plus grosse des trois cloches sises dans le clocher. Datée de 1822, elle donne le mi bémol et pèse 1.117 kg.
Source : notes de Joseph Sacré.
"|Ohey|Place Roi Baudouin, église|50.435916|5.121444|
Orgue de l'église Saint-Lambert|"Voir le relevé du 5 décembre 1994 dans le document en annexe tiré de : Roland SERVAIS (coord.), Bertrand COUVREUR, Orgues de Wallonie, MRW éditions, vol.3, t.5, 1997, pp.222, 223. Eglise Saint-Lambert : "" Pointant le centre du village au sein de l’ancien cimetière, édifice de tradition classique élevé en grès sur un soubassement calcaire, sur une butte rocheuse à la fin du 18e siècle. (...) Vers 1893, édifice réaménagé par l’adjonction d’une travée et d’une tour
selon les plans de l’architecte Louis Lange. (...) ""
IPIC : 92097-INV-0042-02"|Ohey|Rue curé Binet, 25|50.452983|5.171269|
Orgue de l'église Saint-Pierre|"Voir le relevé du 17 août 1994 dans le document en annexe tiré de : Roland SERVAIS (coord.), Bertrand COUVREUR, Orgues de Wallonie, MRW éditions, vol.3, t.5, 1997, pp.220, 221. Eglise Saint-Pierre : "" Implantée au coeur stratégique du village, à proximité de la maison communale, de l’école et de la cure, église de style néo-gothique construite en 1890 par l’architecte Hellepute. Vaste édifice de plan principalement basilical, équipé d’une tour campanile (...) ""
IPIC 92097-INV-0052-02"|Ohey|Place Roi Baudouin, église|50.435667|5.120934|
Orgue de l'église Notre-Dame de l'Assomption |"Voir le relevé du 17 août 1994 dans le document en annexe tiré de : Roland SERVAIS (coord.), Bertrand COUVREUR, Orgues de Wallonie, MRW éditions, vol.3, t.5, 1997, pp.106, 107. Eglise Notre-Dame de l'Assomption : "" Ponctuant le centre du village, église paroissiale construite en 1870-1871 selon les plans de l’architecte Jean-Lambert Blandot, à proximité de l’ancienne église devenue trop petite.(...) ""
IPIC : 92097-INV-0001-02
"|Ohey|Place de l'église|50.4408|5.149181|
Porte du n°129 rue de Reppe|Porte rectangulaire en calcaire au linteau surbaissé pourvu d’une belle traverse festonnée sous l'imposte|Ohey|Rue de Reppe , 129|50.42654|5.092|
Porte d'entrée du n° 22 rue curé Binet|""" Non loin de l’église, ancienne petite ferme en calcaire, agréablement blanchie, datée de 1754 sur la clé de la porte du logis resté intègre. (...)  belle porte en forme de mitre, à clé et impostes moulurées sur piédroits refaits au 19e siècle. (...) ""
IPIC : 92097-INV-0050-02 "|Ohey|Rue curé Binet, 22|50.452891|5.170796|
Baie d'imposte de la porte de l'ancien presbytère|"Au-dessus d'une porte en anse de panier, baie d'imposte à deux jours, séparés par un meneau et garantis par des barreaux épineux. Petit arc de décharge en brique. 
"|Ohey|Place Roi Baudouin, 79|50.435978|5.121714|
Porte d'entrée du n°28 route de Huy|""" En léger retrait de la voirie, à l’angle de la rue Matagne, maison en grès d’esprit traditionnel, datée « J.B. / 1770 » sur la traverse de la porte. Double corps de deux niveaux sur cave (...) qui, bien que modifié au 19e siècle au rez-de-chaussée, conserve intégrité et reste principalement intéressant pour la porte classique, assez massive, au cintre déprimé à clé sur jambages harpés qui maintient une belle traverse festonnée. (...) ""
IPIC : 92097-INV-0030-02"|Ohey|Route de Huy, 28|50.437828|5.15541|
Porte d'entrée du n°90 rue du Tilleul|""" Etabli en retrait de la voirie et entouré d’un jardin clos de haies, logis de ferme, de style éclectique, daté de 1912 dans un cartouche (...) Très belle porte batârde pourvue d’un fenestrage en verre garanti de légères ferronneries d’inspiration végétale (...) "" 
IPIC : 92097-INV-0107-01 Encadrement de la porte ponctuée par une potale dédiée à la Vierge, surmontée d'un appareil d'éclairage ancien."|Ohey|Rue du Tilleul, 90|50.437456|5.12069|
Porte d'entrée de l'ancienne maison Rosoux|""" Porte bâtarde ornée de motifs gravés sur les vitres, et monumentalisée par le balcon (…) ""
IPIC 92097-INV-0104-01 Porte précédée d'un perron de trois marches en pierre calcaire. Jolie sonnette et entrées de boîte aux lettres, en bronze, d'origine. Rampes récentes.
"|Ohey|Rue du Tilleul, 95|50.436491|5.120495|
Porte d'entrée du n°63 rue Pierre Froidebise|""" Entourée d’un jardin, sobre habitation construite en grès en 1893 comme le mentionne la clé du linteau de la porte. Montée sur un soubassement en opus incertum, façade en moellons réglés percée de baies harpées au linteau bombé à clé et appuis saillants. Elégante corniche en bois épousant le décrochement de la travée centrale sous un toit d’ardoise à deux versants. En retrait, à droite, petite dépendance basse de même facture, équipée d’un pigeonnier muni d’une aire d’envol. CS ""
IPIC 92097-INV-0108-01
"|Ohey|Rue Pierre Froidebise, 63|50.435463|5.122775|
Porte du n° 186 rue de Gesves|""" Parallèlement à la rue, long volume en calcaire sous toiture à deux versants dont la partie droite, en moellons réglés remonte au 18e siècle comme l’indique la date presque illisible de « 178 ? » inscrite sur la traverse chantournée de la porte. ""
IPIC : 92097-INV-0054-02"|Ohey|Rue de Gesves, 186|50.428317|5.121952|
Porte du n°202 rue du Berger|"Précédée d'un joli jardinet grillagé, maison en double corps datée de 1906 en haut de la façade revêtue d'un cimentage décoratif. Conservation d'anciennes menuiseries en bois dont une belle porte d'entrée surmontée de l'inscription "" ALP "". "|Ohey|Rue du Berger, 202|50.429844|5.123488|
Porte de la sacristie de l'église Saint-Pierre|"Située à l'arrière de l'église, porte extérieure de la sacristie. Anciennes ferrures : pentures ""fleur de lys"", clous à tête carrée, poignée et levier permettant de lever le verrou intérieur, serrure "|Ohey|Place Roi Baudouin, église + à l'arrière|50.435916|5.121444|
Porte arrière de l'ancienne maison Rosoux|Porte bâtarde éclairée par deux ouvrages combinant des verres rouges ornés de motifs et des verres transparents à reliefs. Décors en fer forgé appliqués sur ces ouvrages, côté intérieur du bâtiment. |Ohey|Rue du Tilleul, 95|50.436491|5.120495|
Porte de la tourelle d'escalier de l'église Saint-Pierre|Située à l'arrière de l'église, porte extérieure de la tourelle d'escalier qui permet d'accéder au buffet de l'orgue et au campanile. |Ohey|Place Roi Baudouin, église + à l'arrière|50.435916|5.121444|
Porte d'entrée du n°45 route de Huy|""" A l’angle, ferme en long du 3e tiers du 19e siècle, principalement construite en deux étapes en moellons de grès et pierre calcaire sous un long toit (...) L’ensemble aligne un logis d’esprit néo-classique (...) ouvert par une porte conservant un beau vantail (...) ""
IPIC :  92097-INV-0097-01 Porte actuellement condamnée"|Ohey|Route de Huy, 45|50.436756|5.15056|
Porte de la chapelle funéraire de la famille de Béthune|""" Installée à l’angle, proche de l’ancienne demeure des princes de Béthune, chapelle funéraire de la famille complètement perdue et dissimulée derrière une végétation envahissante. Monument en brique et calcaire de style néo-gothique daté de 1878 sur le tympan de la porte. CS ""
IPIC : 92097-INV-0087-01
=> Erreur dans la notice de l'IPIC : 1898"|Ohey|"Rue du Château
173 + en face"|50.429059|5.127241|
Porte d'entrée du n°91 rue du Tilleul|""" Dans l’angle de la voirie (...) logis du début du 20e siècle (…) Intéressant rez-de-chaussée dont les ouvertures préservent l’huisserie ancienne, notamment une très belle porte d’entrée, tout comme une petite fenêtre à l’étage. CS ""
IPIC 92097-INV-0105-01"|Ohey|Rue du Tilleul, 91|50.437232|5.120411|
Portail de grange du n°279 rue du Bois d'Ohey|"Portail calcaire en anse de panier, à claveaux passants un-sur-deux, sur piédroits chaînés. Clé millésimée "" 1896 "", entourée de deux agraphes. Porte piétonne ménagée dans l'un des deux battants en bois."|Ohey|Rue bois d'Ohey, 279|50.44109|5.44109|
Portail d'entrée de l'église Notre-Dame de l'Assomption |""" Ponctuant le centre du village, église paroissiale construite en 1870-1871 selon les plans de l’architecte Jean-Lambert Blandot, à proximité de l’ancienne église devenue trop petite.(...) Façade harpée, creusée de deux niches accueillant les statues du Sacré-Coeur et de la sainte patronne. Tour en faible saillie, ouverte par une porte en plein cintre à double rouleau et tore sous archivolte soulignée d’un cordon, jambages à congé dotés d’une paire de colonnettes. (...) ""
IPIC : 92097-INV-0001-02"|Ohey|Place de l'église|50.4408|5.149181|
Portail d'une dépendance du n°33 route de Huy  |Grande porte rectangulaire à deux battants en bois peint, celui de droite équipé d'une porte piétonne. Pentures en bas et en haut. Linteau métallique décoré de 3 rosaces.    |Ohey|Route de Huy, 33|50.437514|5.153528|
Porte de la chapelle Saint-Mort|""" A un croisement de route, chapelle composite d’une nef d’une travée reliée par des pans courbes à une abside semi-circulaire précédée d’une travée droite légèrement plus basse. Nef en grès percée dans l’axe d’une porte cintrée sur montants à queues de pierre dont la clé de remploi est datée « S.M.P.P. NOUS / 1621 ». Au-dessus, petite niche en plein cintre portant sur la base « St Mort PP Nous / 1793 », date de la nef. (...) ""
IPIC : 92097-INV-0039-02"|Ohey|Rue Saint-Mort et rue de la Chapelle + au croisement|50.460778|5.144437|
Portail du n°190 rue de Gesves|"Portail en calcaire et brique, à ouverture en anse de panier et  toiture mansardée. Initiales "" E P "" sur la clé. "|Ohey|Rue de Gesves, 191|50.42791|5.120971|
Portail d'entrée de la ferme Beghin|S'ouvrant sur la cour de la ferme, simple portail calcaire à deux versants et à intrados cintré|Ohey|Rue du Château, 176|50.428023|5.127488|
Portail droit de la ferme de la Belle Alliance|""" Légèrement à l’écart du village, ferme en quadrilatère construite en brique sur un soubassement en moellons de grès ferrugineux, qui s’est développée autour d’une cour dans la 2e moitié du 19e siècle. (...) accessible par deux porches en anse de panier (...) ""
IPIC : 92097-INV-0145-01 Portail à arc en anse de panier à claveaux passants un-sur-deux, sur piédroits chaînés."|Ohey|Rue du Bois de Goesnes, 61|50.459498|5.183896|
Portail gauche de la ferme de la Belle Alliance|""" Légèrement à l’écart du village, ferme en quadrilatère construite en brique sur un soubassement en moellons de grès ferrugineux, qui s’est développée autour d’une cour dans la 2e moitié du 19e siècle. (...) accessible par deux porches en anse de panier (...) ""
IPIC : 92097-INV-0145-01 Portail précédé de deux marronniers d'Inde inscrits à la liste des arbres remarquables, à arc en anse de panier à claveaux passants un-sur-deux, sur piédroits chaînés. Portes avec revêtement en matière plastique."|Ohey|Rue du Bois de Goesnes, 61|50.459498|5.183896|
Portail de grange du n°45 route de Huy|""" A l’angle, ferme en long du 3e tiers du 19e siècle, principalement construite en deux étapes en moellons de grès et pierre calcaire sous un long toit (...) ""
IPIC :  92097-INV-0097-01 Portail en anse de panier avec porte à deux battants, celui de gauche équipé d'une porte piétonne. Bas de l'ouvrant droit recouvert d'une tôle de protection. Traces de peinture rouge ancienne."|Ohey|Route de Huy, 45|50.436756|5.15056|
Portail d'une annexe de grange chemin de Dinant|""" Isolée à l'angle du chemin, importante grange édifiée en moellons de grès (...) A droite, petite dépendance sous appentis et seconde grange, plus basse, probablement postérieures qui complètent l'ensemble intéressant pour son intégrité, sa volumétrie et la belle tonalité des matériaux aux abords de l'auréole villageoise. CS ""
IPIC : 92097-INV-0101-01 Porte rectangulaire en bois, à deux battants, sous une poutre-linteau débordante. Pentures en haut et en bas. "|Ohey|Chemin de Dinant + près du n°38|50.435992|5.15396|
Portail d'une grange chemin de Dinant|""" Isolée à l'angle du chemin, importante grange édifiée en moellons de grès sous un toit de tuile à deux versants à croupe dans le 3e tiers du 19e s. Portails en anse de panier. (...) ""
IPIC 92097-INV-0101-01 Protégée dans le bas par une tôle, ancienne porte en bois à deux battants, celui de droite équipé d'une porte piétonne.Datation discrète de 1851 sur une agraphe au sommet du portail. A l'opposé, portail identique avec porte en bois totalement recouverte de tôle."|Ohey|Chemin de Dinant + près du n°38|50.435992|5.15396|
Portail d'entrée de l'église Saint-Pierre|""" Implantée au coeur stratégique du village, à proximité de la maison communale, de l’école et de la cure, église de style néo-gothique construite en 1890 par l’architecte Hellepute (…) Façade-pignon à rampants débordants et oreilles sur consoles, ouverte par une porte en tiers-point à triple embrasure et archivolte sur jambages harpés prismatiques (...). ""
IPIC 92097-INV-0052-02
"|Ohey|Place Roi Baudouin, église|50.435667|5.120934|
Portail extérieur de la grange du château-ferme|Porte charretière de la grange en large du château-ferme donnant sur l'actuelle rue du Bâtis du Moulin. Protégé par un seul chasse-roues, portail calcaire en anse de panier, à claveaux passants un-sur-deux, sur piédroits chaînés. Trois agrafes sur la partie supérieure. Portes en bois.|Ohey|Rue du pré Magnette, 13|50.453161|5.175653|
Portail d'accès au château-ferme via jardin|""" A l’extrémité orientale du village, ancien château-ferme du 2e tiers du 18e siècle daté sur la porte de grange de 1740. Organisé en U autour d’une cour (...). Deux entrées bien différenciées permettent
l’accès à l’ensemble. (…) ""
IPIC : 92097-INV-0045-02 Cantonnée par deux piliers calcaire protégé par des chasse-roues, haute grille à deux ouvrants sous imposte fixe couronnée par une majestueuse frise.
"|Ohey|Rue du pré Magnette, 13|50.452536|5.174548|
Porte de grange de l'ancienne ferme Marion|Ouverture de grange en anse de panier (avec 2 agrafes subsistantes sur 3 dans la partie supérieure, en forme de cœur renversé), avec ancienne porte de grange à deux battants dont celui de gauche inclut une porte piétonne.  |Ohey|Rue du Tilleul, 92|50.436948|5.120402|
Balcon de l'ancienne maison Rosoux|"Balcon avec un garde-corps en fonte, reposant sur de très belles consoles en calcaire.
"|Ohey|Rue du Tilleul, 95|50.436491|5.120495|
Borne de limite de deux communes|"Borne de limite entre les communes d' Ohey et d'Haut-Bois - Haltinne. Les initiales des communes sont gravées sur les faces correspondantes à la situation géographique. Sur la partie supérieure, le centre est matérialisé par un clou plombé.
"|Ohey|Rue Bois d’Ohey, 318|50.43849|5.10644|
Bornes de la ferme de Petit Wallay|Reliées par une chaîne, trois bornes légèrement côniques à tête arrondie, en calcaire,  limitant la propriété du  côté de la rue.|Ohey|Rue Bois d’Ohey,322|50.43509|5.10476|
Bornes rue Brionsart|Non loin de la limite avec la comune de Gesves, de chaque côté de la voirie, deux séries de 13 bornes cylindriques en calcaire, reliées jadis par des barres garde-corps|Ohey|Rue de Brionsart ,140 a + près de|50.42239|5.09208|
Borne de limite de trois communes|Borne située dans le bois d’Ohey, faisant la limite entre trois anciennes communes : Ohey , Coutisse et Haut-Bois . Borne dite à 3 cotes. |Ohey|Bois d'Ohey|50.44758|5.10013|
Chasse-roues du n° 22 rue curé Binet|Chasse-roues en bord de rue avec le sommet arrondi, incliné|Ohey|Rue curé Binet, 22|50.452891|5.170796|
Chasse-roues du pont sur le Lilot|"De chaque côté du pont sur le Lilot, pourvu de garde-corps récents, deux gros chasse-roues en demi-cône à tête arrondie. Taille bouchardée.  
"|Ohey|Rue Grand Vivier + au pont sur le ruisseau de Lilot|50.45366|5.171963|
Chasse-roues du n°102 rue de l'Harmonie|"De part et d'autre de la grille d'entrée, protégeant les piliers, deux chasse-roues en pierre calcaire. Celui de gauche, taillé en trapèze arrondi et celui de droite, en pyramide tronquée.  
"|Ohey|Rue de l'Harmonie, 102|50.437291|5.122295|
Chasse-roues du n°244 rue Eugène Ronvaux|"De part et d'autre de la grille d'entrée latérale, protégeant les piliers, deux chasse-roues en pierre calcaire, en demi-cône à tête arrondie, à la surface bouchardée et ciselée.
"|Ohey|Rue Eugène Ronvaux, 244|50.437314|5.125867|
Chasse-roues du Manoir Dutillieux|"De part et d'autre du portail d'entrée, protègeant les piliers, deux beaux chasse-roues en calcaire, en forme de cône à tête arrondie, à la surface finement cisélée. 
"|Ohey|Rue Pierre Froidebise, 64|50.435405|5.122659|
Lampe du n°90 rue du Tilleul|Ancienne lampe d'inspiration florale terminée par un globe allongé en verre |Ohey|Rue du Tilleul, 90|50.437456|5.12069|
Lucarnes de l'horloge de l'église Saint-Pierre|Au bas de la flèche du clocher de l'église, quatre lucarnes trilobées sommées d'un poinçon tronconique à bulbe. Les cadrans de l'horloge sont récents.|Ohey|Place Roi Baudouin, église|50.435667|5.120934|
Coq de l'église Saint-Pierre|Installée au sommet du clocher de l'église, composition qui assemble une tige de fixation, un épi, une croix en fer forgé et une girouette estampée en forme de coq dont la patine vert-de-gris nous indique qu'il est en cuivre. |Ohey|Place Roi Baudouin, église|50.435667|5.120934|
Coq de l'église Saint-Lambert|"Installée au sommet de la courte flèche de la tour de l'église, bâtie vers 1893 sur les plans de l'architecte Louis Lange, composition fixée dans la toiture qui assemble un épi, une croix en fer forgé et une girouette en forme de coq. 
"|Ohey|Rue curé Binet, 25|50.452983|5.171269|
Girouette du n°60 rue Stocus|"Girouette élancée, ornée d'un petit drapeau au sommet et de volutes sur la base, située sur la dépendancee de la maison (fin 18esiècle). Habitation reprise par l' Inventaire du Patrmoine Immobilier Culturel sour la référence 92097-INV-0004-02.
"|Ohey|Rue  Stocus, 60|50.440199|5.148834|
Girouette du n°90 rue du Tilleul|""" Etabli en retrait de la voirie et entouré d’un jardin clos de haies, logis de ferme, de style éclectique, daté de 1912 dans un cartouche (...) Travée centrale traitée en frontispice et ponctuée d’un fronton triangulaire piqué d’une girouette (...) "" 
IPIC : 92097-INV-0107-01
"|Ohey|Rue du Tilleul, 90|50.437456|5.12069|
Girouette du Manoir Dutillieux (1)|"Girouette située sur une tour érigée à l'arrière du logis. La partie mobile, en forme de ""drapeau"", était vitrée. Une boule désigne l'origine du vent.  
"|Ohey|Rue Pierre Froidebise, 64|50.435405|5.122659|
Girouette du Manoir Dutillieux (2)|"Girouette située sur le bâtiment à gauche de la cour, sur un joli bulbe ardoisé. La partie mobile, en forme de ""drapeau"", était vitrée.
"|Ohey|Rue Pierre Froidebise, 64|50.435405|5.122659|
Girouette de la ferme de Petit Wallay|"Girouette en zinc "" Isolée au milieu des terres, ferme clôturée en brique et pierre calcaire du milieu du 19e siècle où le corps de logis de style néo-classique retient l’attention. Jadis blanchie, imposante habitation en brique et calcaire coiffée d’un toit à deux versants à croupes, très plat, piqué d’épis de faîtage. (...)  ""
IPIC : 92097-INV-0041-02"|Ohey|Rue Bois d’Ohey, 322|50.43509|5.10476|
Girouette sur garde-corps du château de Wallay|"Girouette en forme de ""drapeau"" fixée sur un poteau d'angle d'un garde-corps carré installé sur la toiture de l'élégante tour du château construite vers 1891."|Ohey|Rue de Gesves, 191|50.423711|5.111324|
Coq de l'église Notre-Dame de l'Assomption |""" Ponctuant le centre du village, église paroissiale construite en 1870-1871 selon les plans de l’architecte Jean-Lambert Blandot, à proximité de l’ancienne église devenue trop petite.(...) ""
IPIC : 92097-INV-0001-02 Au sommet du clocher de l'édifice, composition qui assemble une croix (pas d'origine) et une girouette en volume estampée en forme de coq."|Ohey|Place de l'église|50.440199|5.1488|
Empèche- pipi de l'église Notre-Dame de l'Assomption |""" Ponctuant le centre du village, église paroissiale construite en 1870-1871 selon les plans de l’architecte Jean-Lambert Blandot, à proximité de l’ancienne église devenue trop petite.(...) ""
IPIC : 92097-INV-0001-02 Deux empèche-pipi en pierre calcaire, de chaque coté de l'entrée de l'église, intégrés au soubassement en moellons de même matériau. Coiffes de forme cônique."|Ohey|Place de l'église|50.4408|5.149181|
Sépulture Gillet-Dosogne - Hansotte-Gillet|Intéressante sépulture écclectique à caveau semi-enterré, adossée au mur du cimetière. Symbole du pavot dans le tympan. Vases. Signature de l'entreprise  à l'entrée du caveau.  Bel ensemble avec les tombes voisines. Allée droite 03 parcelle ?|Ohey|Rue de l'église + cimetière, allée droite 03 parcelle ?|50.440698|5.15113|
Croix de fonte (2) du cimetière|Ensemble de trois croix en fonte situées en n°7 sur le document pdf annexé. L'une figure la Vierge, dans une couronne de fleurs. Les deux autres représentent le Christ en croix entouré de rayons. |Ohey|Rue de l'Eglise, 11 + en face|50.440698|5.15113|
Anneaux d'attelage du n° 185 chaussée de Ciney|A gauche de la porte d'entrée, deux anneaux d'attelage scellés dans le soubassement calcaire permettaient de lier le bétail.|Ohey|Rue de Ciney, 185|50.40339|5.11963|
Sépulture Lambotte-Dejardin|Croix-stèle. Sous la croix, présence du symbole des mains jointes. Signature du monumentiste Thys à Marchin. Allée gauche 02, rangée 03, 2e tombe en partant de la droite. Elément faisant partie d’un groupe de tombes provenant (toutes ?) de l'ancien cimetière de Perwez (autour de l'église). |Ohey|Rue du Bois de Goesnes, cimetière|50.456014|5.176301|
"Millésime "" 1866 "" de l'ancienne maison communale "|""" Etablie dans une courbe de la voirie, ancienne maison communale construite en 1866 comme l’indique l’inscription en façade. Edifice de style éclectique, élevé en moellons assisés de grès montés sur un petit soubassement en plaquis de calcaire (...) A l’arrière, aile
perpendiculaire correspondant probablement à une salle de classe.(...) ""
IPIC : 92097-INV-0146-01
"|Ohey|Rue du Village, 31, 31 bte 3, 31 bte 5|50.454245|5.172735|
"Millésime "" 1727 "" du n°20 rue du Village"|""" A l’entrée du village, installée dos à la rue pour la façade principale, ancienne petite ferme en grès et calcaire sous toit à deux versants, qui remonte au début du 18e siècle comme l’indique la date de 1727 gravée sur une clé d’une fenêtre de l’étage, côté cour. (...) ""
IPIC : 92097-INV-0047-02"|Ohey|Rue du Village,20|50.451956|5.171602|
Croix funéraire (1573) - ancien cimetière|"Croix en calcaire insérée dans le mur terminal de la petite sacristie de l'église Saint-Lambert. Elle est entièrement recouverte d'inscriptions et, dans le bas, est ornée d'un blason décoré par une herse, au centre, une fleur de lys à gauche (? à droite).
"|Ohey|Rue curé Binet, 25 + mur de l'église |50.452891|5.170796|
Sépulture Dejardin-Nihoul|"Intéressant mausolée d'inspiration néo-classique adossé au mur terminal du cimetière, parmi d'autres monuments importants. En façade, porte métallique au centre de quatre fausses colonnes à fût cannelé, surmontées d'une frise portant décors et inscriptions. Sur la corniche, acrotères et élément central avec mention "" A PERPETUITE "" supportant une croix. A l'avant, espace privatif délimité par des potelets reliés par des chaînes. Signature "" CHALUT OTEPPE "" au bas du mausolée."|Ohey|Rue du Bois de Goesnes + cimetière|50.456028|5.176366|
Logo de la Menuiserie Marcel Marchal|""" Installé en périphérie du centre du village, bâtiment industriel en brique de tendance moderniste de la 1re moitié du 20e siècle, couvert d’un toit à deux versants d’asbeste-ciment ondulé. Façade principale typée dans sa conception, qui conserve dans la partie supérieure les inscriptions de la fonction et du commanditaire « MENUISERIE / Marcel MARCHAL », surmontées d’un logo en béton reprenant les trois M. A l’étage, fenêtres hautes et étroites, en bandeau, conservant les châssis métalliques d’origine. Autres ouvertures de type différent, surmontées d’un linteau en béton. A l’arrière, cheminée en brique bien conservée. Façades latérales largement éclairées de baies rectangulaires. CS ""
IPIC : 92097-INV-0078-02"|Ohey|Rue du Centre, 111 + à l'arrière|50.444577|5.147467|
Sépulture Dosogne-Groynne|"Type identique à la sépulture située à côté des familles Dosogne-Depaye-Balthasar. Intéressante sépulture à caveau semi-enterré où l'art du trompe-l'oeil s'exerce à merveille dans la reproduction du végétal qui se meurt. A observer à ce propos, la croix-arbre et les "" potelets "" de la clôture. Adossée au mur du cimetière. Bel ensemble avec les tombes voisines.  Allée droite 03 parcelle ?"|Ohey|Rue de l'église + cimetière, allée droite 03 parcelle ?|50.440698|5.15113|
"Millésime "" 1762 "" du n°12 rue de l'église"|"Sur une pierre calcaire octogonale, sur le pignon de la maison à environ  5 m de hauteur, inscription : "" ANNO / JEAN PIERRE / HANOUL / 1762 """|Ohey|Rue de l'église, 12|50.44073|5.1527|
Borne TTC du n°9 rue de l'église|Devant une maison, petite borne en fonte de forme pyramidale avec l'inscription T T C|Ohey|rue de l'église, 9 + devant|50.440668|5.149379|
Banc près du puits rue Dehasse|A l'arrière du reposoir et du puits, sous un très vieux saule, banc composé de deux montants en fonte et de planches en bois nouvelles.|Ohey|Rue Dehasse, 212 + à côté de|50.451513|5.153616|
Mitre de l'ancienne remise près du Foyer rural |"Placé au sommet de la cheminée, mitre ou anti-refouleur en grès industriel.
"|Ohey|Place Roi Baudouin + à juste avant le Foyer rural|50.435889|5.121294|
"Millésime "" 1910 "" de l'ancienne poste"|"Grand millésime au sommet de la façade de l'ancienne poste, dans l'axe de la porte d'entrée, "" ANNO 1910 "". Travail soigné avec bouchardage et ciselage de la pierre calcaire.
"|Ohey|Rue de Ciney + en face du n°88 |50.43707|5.122946|
Anneaux d'attelage du n°58 chaussée de Ciney|"Deux anneaux d'attelage, un de chaque côté de la porte d'entrée
"|Ohey|Rue de Ciney, 58|50.433837|5.124635|
Anneau d'attelage du n°60 chaussée de Ciney|"Un anneau d'attelage à gauche de la porte d'entrée
"|Ohey|Rue de Ciney, 60|50.433962|5.124576|
Anneau d'attelage du n°88 chaussée de Ciney|"Un anneau d'attelage scellé dans le mur de la maison à droite de la porte d'entrée
"|Ohey|Rue de Ciney, 88|50.437148|5.123001|
Anneaux d'attelage du n°117 rue de Reppe|"Deux anneaux d'attelage scellés dans le mur en grès de l'annexe à rue de cette demeure
"|Ohey|Rue de Reppe, 117|50.435204|5.119317|
Anneaux d'attelage du n°118 rue de Reppe|A droite de l'actuelle vitrine de la boulangerie, deux anneaux d'attelage toujours scellés dans le mur de la maison |Ohey|Rue de Reppe, 118|50.435069|5.119007|
"Millésime ""1912"" du n°121 rue de Reppe"|"Située en haut de la travée biaise de l'habitation, inscription "" ANNO 1912 "" en relief, anciennement peinte en noire, sur une pierre calcaire rectangulaire bouchardée. "|Ohey|Rue de Reppe, 121|50.434238|5.117214|
"Millésime "" 1912 "" du n°90 rue du Tilleul"|""" Etabli en retrait de la voirie et entouré d’un jardin clos de haies, logis de ferme, de style éclectique, daté de 1912 dans un cartouche (...) ""
IPIC : 92097-INV-0107-01
"|Ohey|Rue du Tilleul, 90|50.437456|5.12069|
"Millésime ""1895"" de l'ancienne maison Rosoux"|"Millésime "" 1895 "" en terre cuite de teinte ocre jaune, situé au centre et au sommet de la façade principale."|Ohey|Rue du Tilleul, 95|50.436491|5.120495|
Petits chapiteaux de l'ancienne maison Rosoux|En façade arrière, deux petits chapiteaux en terre cuite jaune somment les pilastres d'angle.|Ohey|Rue du Tilleul, 95|50.436491|5.120495|
Epis de faîtages de l'ancienne maison Rosoux|Deux épis de faîtages en pierre cacaire, chacun composé d'une sphère sur socle, surmontent les lucarnes pignons des travées latérales de la façade principale. |Ohey|Rue du Tilleul, 95|50.436491|5.120495|
Acrotère de l'ancienne maison Rosoux|En façade principale de la maison, acrotère en pierre calcaire située au sommet du pignon à gradins.|Ohey|Rue du Tilleul, 95|50.436491|5.120495|
"Millésime "" 1893 "" du n°63 rue Pierre Froidebise"|""" Entourée d’un jardin, sobre habitation construite en grès en 1893 comme le mentionne la clé du linteau de la porte. Montée sur un soubassement en opus incertum, façade en moellons réglés percée de baies harpées au linteau bombé à clé et appuis saillants. Elégante corniche en bois épousant le décrochement de la travée centrale sous un toit d’ardoise à deux versants. En retrait, à droite, petite dépendance basse de même facture, équipée d’un pigeonnier muni d’une aire d’envol. CS ""
IPIC 92097-INV-0108-01
"|Ohey|Rue Pierre Froidebise, 63|50.435463|5.122775|
"Millésime "" 1873 "" du n°68 rue Pierre Froidebise"|"Pierre calcaire rectangulaire datée "" 1873 "" située au-dessus de la porte d'entrée, dont le bord est ciselé.
"|Ohey|Rue Pierre Froidebise, 68|50.435213|5.12161|
"Millésime "" 1955 "" du n°251 rue Winget"|"Dans la façade crépie, au bas du pignon, pierre rectangulaire finement taillée. Datation "" 1955 "" insérée dans un cœur, accompagné de part et d'autre par un petit bouquet de fleurs et les lettres "" R "" et "" G "".    "|Ohey|Rue Winget, 251|50.437493|5.128867|
Millésime 1892 de l'ancien Hôtel Lefêbvre |Pierre rectangulaire millésimée située au-dessus de la porte d'entrée|Ohey|Rue de Ciney, 9|50.430251|5.126029|
Anneau d'attelage de l'ancien Hôtel Lefêbvre |Anneau d'attelage situé à gauche d'une ancienne porte cochère aujourd'hui transformée|Ohey|Rue de Ciney, 9|50.430251|5.126029|
Millésime 1909 du n°180 rue de Gesves|"En haut de la façade cimentée, dans l'axe de l'entrée, inscription ""ANNO - 1909 """|Ohey|Rue de Gesves, 180|50.428897|5.123992|
Millésime 1919 du n°190 rue de Gesves|"Sur la tourelle d'entrée, millésime "" 1919 """|Ohey|Rue de Gesves, 190|50.42791|5.120971|
Millésime 191(4?) du n°200 rue du Berger|"Précédée d'un jardinet grillagé, maison en double corps datée de 191(4?) en haut de la façade revêtue d'un cimentage décoratif.
"|Ohey|Rue du Berger, 200|50.430011|5.124856|
Millésime 1906 du n°202 rue du Berger|"Précédée d'un joli jardinet grillagé, maison en double corps datée de 1906 en haut de la façade revêtue d'un cimentage décoratif. Conservation d'anciennes menuiseries en bois dont une belle porte d'entrée surmontée de l'inscription "" ALP "". "|Ohey|Rue du Berger, 202|50.429844|5.123488|
Décrottoir de l'ancienne poste|A droite de la porte d'entrée de l'ancienne poste, large décrottoir en demi-cercle avec une barre de renfort au centre.|Ohey|Rue de Ciney + en face du n°88 |50.43707|5.122946|
Plaques de dévotion sur le choeur de la chapelle Saint- Mort|Sur le chœur de la chapelle, nombreuses plaques de zinc portant des inscriptions manuscrites en remerciement à saint Mort. Certaines sont anciennes (1931,...).|Ohey|Rue Saint-Mort et rue de la Chapelle + au croisement|50.460778|5.144437|
Croix funéraire illisible 1 - Ancien cimetière|Croix funéraire en calcaire insérée dans le mur de la petite sacristie de l'église Saint-Lambert, côté parvis.|Ohey|Rue curé Binet , 25 + mur de l'église|50.452918|5.171103|
Croix funéraire illisible 2  - ancien cimetière|Croix funéraire en calcaire insérée dans le mur de la petite sacristie de l'église Saint-Lambert, côté rue Grand Vivier. Sommet en mitre.|Ohey|Rue curé Binet , 25 + mur de l'église|50.452918|5.171103|
Sépulture Dosogne-Depaye-Balthasar|"Type identique à la sépulture située à côté des familles Dosogne-Groynne. Intéressante sépulture à caveau semi-enterré où l'art du trompe-l'oeil s'exerce à merveille dans la reproduction du végétal qui se meurt. A observer à ce propos, la croix-arbre et les "" potelets "" de la clôture. Adossée au mur du cimetière. Bel ensemble avec les tombes voisines.  Allée droite 03 parcelle ?"|Ohey|Rue de l'église + cimetière, allée droite 03 parcelle ?|50.440698|5.15113|
Stèle à déchiffrer - ancien cimetière|"Simplement osée sur le mur de l'église, côté rue Grand Vivier, stèle rectangulaire portant des épitaphes sur toute sa surface
"|Ohey|Rue curé Binet , 25 + mur de l'église|50.452972|5.17129|
Stèle du curé Antoine Rinskops - ancien cimetière|"Stèle funéraire verticale en pierre calcaire, accolée au mur de l'église, décorée d'un chapiteau à acrotères et couronne, sommée d'une croix. Calice surmonté de l'hostie finement ciselé au-dessus de l'épitaphe. A gauche et à droite du calice, symboles illisibles car effacés par l'usure.  
"|Ohey|Rue curé Binet , 25 + mur de l'église|50.452972|5.17129|
Sépulture Hansotte-Elias|"Intéressante sépulture à caveau semi-enterré où l'art du trompe-l'oeil s'exerce à merveille dans la reproduction du végétal qui se meurt. A observer à ce propos, la croix-arbre et les "" potelets "" de la clôture. Adossée au mur du cimetière, la paroi du fond est un large épitaphier cantonné de deux flambeaux. Sous les écritures, jolis drapés en relief. Signature d'une entreprise oheytoise à l'entrée du caveau."|Ohey|Rue du Bois de Goesnes + cimetière|50.456014|5.176301|
Lettrage de la Menuiserie Marcel Marchal|""" Installé en périphérie du centre du village, bâtiment industriel en brique de tendance moderniste de la 1re moitié du 20e siècle, couvert d’un toit à deux versants d’asbeste-ciment ondulé. Façade principale typée dans sa conception, qui conserve dans la partie supérieure les inscriptions de la fonction et du commanditaire « MENUISERIE / Marcel MARCHAL », surmontées d’un logo en béton reprenant les trois M. A l’étage, fenêtres hautes et étroites, en bandeau, conservant les châssis métalliques d’origine. Autres ouvertures de type différent, surmontées d’un linteau en béton. A l’arrière, cheminée en brique bien conservée. Façades latérales largement éclairées de baies rectangulaires. CS ""
IPIC : 92097-INV-0078-01"|Ohey|Rue du Centre, 111 + à l'arrière|50.444577|5.147467|
Monte-charge du n°2 rue Saint-Mort|Lucarne monte-charge avec une poulie accrochée à la poutre faîtière|Ohey|Rue Saint-Mort, 2|50.445938|5.147785|
Pont du ruisseau du Bois d'Ohey|Pont en maçonnerie, signalé sur la rue par deux parapets en grès couverts de pierre calcaire, daté dans un cœur de 1867 sur la clé de la voûte ancienne. Celle-ci a été modifiée d'un côté par un tablier en béton armé.|Ohey|Rue du Bois d'Ohey + près du n° 308|50.4394|5.1075|
"Millésime "" 1869 "" de la maison communale"|"Au sommet de la façade-pignon de l'actuelle administration communale, pierre calcaire rectangulaire gravée du millésime "" 1869 ""
"|Ohey|Place Roi Baudouin,80|50.435974|5.120587|
Monte-charge du n°90 rue du Tilleul|""" Etabli en retrait de la voirie et entouré d’un jardin clos de haies, logis de ferme, de style éclectique, daté de 1912 dans un cartouche (...) Monte-charge dans le pignon droit. CS ""
 IPIC : 92097-INV-0107-01
"|Ohey|Rue du Tilleul, 90|50.437456|5.12069|
Pilastres de la ferme de Petit Wallay|""" Isolée au milieu des terres, ferme clôturée en brique et pierre calcaire du milieu du 19e siècle où le corps de logis de style néo-classique retient l’attention. (...) A l’entrée, remploi d’élégants pilastres classiques en pierre calcaire, avec vases, de la 1re moitié du 18e siècle. (...) ""
IPIC : 92097-INV-0041-02 Rem : les grilles  sont  de facture récente. "|Ohey|Rue Bois d’Ohey ,322|50.43509|5.10476|
Sépulture Raymond-Bouverye - ancien cimetière|"Elément de la sépulture Raymond Bouvereye sauvegardé de l'ancien cimetière et préservé dans un encadrement de pierre fixé sur la nef de l'église Saint-Lambert, côté parvis. Epitaphe gravée dans une haute stèle en marbre blanc entourée d'un cadre en pierre calcaire. Un crâne sur deux tibias croisés. Une croix.
"|Ohey|Rue curé Binet , 25 + mur de l'église|50.453018|5.171421|
Pierre pour la fabrication du fromage|Pierre taillée en creux par une cuvette peu profonde et des sillons permettant l'égouttage de la matière vers une goulotte (cassée)|Ohey|Rue Brionsart, 134|50.43104|5.08679|
